taxon,lfc,se,t_stat,p_ols,p_val,wilcoxon_p,auroc,gfc,n_ctrl,n_crc,q_val,significant,direction
k__Bacteria|p__Bacteroidetes|c__Bacteroidia|o__Bacteroidales|f__Bacteroidaceae|g__Bacteroides|s__Bacteroides_fragilis,3.1068,0.7013,4.4304,1.1041124964194915e-05,0.001,0.001,0.594359087727055,3.4786,327,332,0.006214,True,enriched_CRC
k__Bacteria|p__Actinobacteria|c__Actinobacteria|o__Coriobacteriales|f__Coriobacteriaceae|g__Gordonibacter|s__Gordonibacter_pamelaeae,-1.743,0.6204,-2.8094,0.0051125551010932765,0.001,0.001,0.4259515124719059,-2.1339,327,332,0.006214,True,depleted_CRC
k__Bacteria|p__Bacteroidetes|c__Bacteroidia|o__Bacteroidales|f__Porphyromonadaceae|g__Porphyromonas|s__Porphyromonas_asaccharolytica,4.152,0.475,8.7408,1.969957111152606e-17,0.001,0.001,0.6282745661545264,4.0655,327,332,0.006214,True,enriched_CRC
k__Bacteria|p__Firmicutes|c__Clostridia|o__Clostridiales|f__Eubacteriaceae|g__Eubacterium|s__Eubacterium_rectale,-1.5011,0.4732,-3.1723,0.0015838356576082732,0.001,0.001,0.4106978372204414,-2.6078,327,332,0.006214,True,depleted_CRC
k__Bacteria|p__Firmicutes|c__Clostridia|o__Clostridiales|f__Eubacteriaceae|g__Eubacterium|s__Eubacterium_eligens,-1.8882,0.5779,-3.2672,0.0011432879896348554,0.001,0.001,0.3917228547216388,-1.5837,327,332,0.006214,True,depleted_CRC
k__Bacteria|p__Firmicutes|c__Clostridia|o__Clostridiales|f__Eubacteriaceae|g__Eubacterium|s__Eubacterium_hallii,-1.0563,0.4363,-2.4212,0.015742432119747483,0.001,0.001,0.40934379720717734,-0.9053,327,332,0.006214,True,depleted_CRC
k__Bacteria|p__Firmicutes|c__Bacilli|o__Lactobacillales|f__Streptococcaceae|g__Streptococcus|s__Streptococcus_salivarius,-2.1595,0.3949,-5.468,6.501535788545672e-08,0.001,0.001,0.38296304483991006,-2.8696,327,332,0.006214,True,depleted_CRC
k__Bacteria|p__Firmicutes|c__Bacilli|o__Lactobacillales|f__Streptococcaceae|g__Streptococcus|s__Streptococcus_thermophilus,-1.8158,0.6022,-3.0153,0.0026670859095910032,0.001,0.001,0.41345197302973363,-4.1929,327,332,0.006214,True,depleted_CRC
k__Bacteria|p__Firmicutes|c__Clostridia|o__Clostridiales|f__Lachnospiraceae|g__Lachnospiraceae_noname|s__Lachnospiraceae_bacterium_5_1_63FAA,-1.5154,0.4465,-3.3942,0.000730330136998208,0.001,0.001,0.4077686894366457,-2.1014,327,332,0.006214,True,depleted_CRC
k__Bacteria|p__Firmicutes|c__Clostridia|o__Clostridiales|f__Lachnospiraceae|g__Lachnospiraceae_noname|s__Lachnospiraceae_bacterium_3_1_57FAA_CT1,3.0443,0.6002,5.0724,5.132860588312922e-07,0.001,0.001,0.6011016543237169,3.01,327,332,0.006214,True,enriched_CRC
k__Bacteria|p__Firmicutes|c__Clostridia|o__Clostridiales|f__Lachnospiraceae|g__Anaerostipes|s__Anaerostipes_hadrus,-1.7081,0.5019,-3.4035,0.0007063366827644358,0.001,0.001,0.4110662834825541,-2.3304,327,332,0.006214,True,depleted_CRC
k__Bacteria|p__Firmicutes|c__Clostridia|o__Clostridiales|f__Lachnospiraceae|g__Roseburia|s__Roseburia_intestinalis,-2.662,0.6701,-3.9725,7.909299809072208e-05,0.001,0.001,0.3967521461994768,-3.158,327,332,0.006214,True,depleted_CRC
k__Bacteria|p__Firmicutes|c__Clostridia|o__Clostridiales|f__Ruminococcaceae|g__Faecalibacterium|s__Faecalibacterium_prausnitzii,-0.8439,0.2317,-3.6412,0.0002929687173347014,0.001,0.001,0.4034210235437161,-0.7925,327,332,0.006214,True,depleted_CRC
k__Bacteria|p__Proteobacteria|c__Gammaproteobacteria|o__Enterobacteriales|f__Enterobacteriaceae|g__Escherichia|s__Escherichia_coli,2.221,0.5964,3.7238,0.00021332060940861504,0.001,0.001,0.5863453815261044,3.4735,327,332,0.006214,True,enriched_CRC
k__Bacteria|p__Firmicutes|c__Clostridia|o__Clostridiales|f__Lachnospiraceae|g__Coprococcus|s__Coprococcus_comes,-1.1954,0.5644,-2.118,0.034558695502157004,0.002,0.002,0.41489812460852593,-2.36,327,332,0.009667,True,depleted_CRC
k__Bacteria|p__Actinobacteria|c__Actinobacteria|o__Actinomycetales|f__Micrococcaceae|g__Rothia|s__Rothia_mucilaginosa,-1.8894,0.6336,-2.9821,0.0029696350059358625,0.002,0.002,0.42870564828119817,-1.8419,327,332,0.009667,True,depleted_CRC
k__Bacteria|p__Firmicutes|c__Clostridia|o__Clostridiales|f__Lachnospiraceae|g__Lachnospiraceae_noname|s__Lachnospiraceae_bacterium_8_1_57FAA,-1.7653,0.6273,-2.8141,0.005039990433092227,0.002,0.002,0.4267620942485539,-2.3788,327,332,0.009667,True,depleted_CRC
k__Bacteria|p__Firmicutes|c__Clostridia|o__Clostridiales|f__Clostridiaceae|g__Clostridium|s__Clostridium_bolteae,2.653,0.5949,4.4593,9.6895974473939e-06,0.002,0.002,0.5898087763899635,2.938,327,332,0.009667,True,enriched_CRC
k__Bacteria|p__Firmicutes|c__Bacilli|o__Lactobacillales|f__Streptococcaceae|g__Streptococcus|s__Streptococcus_parasanguinis,-0.9916,0.531,-1.8673,0.06230375021071833,0.003,0.003,0.43775100401606426,-1.7733,327,332,0.011864,True,depleted_CRC
k__Bacteria|p__Actinobacteria|c__Actinobacteria|o__Coriobacteriales|f__Coriobacteriaceae|g__Adlercreutzia|s__Adlercreutzia_equolifaciens,-1.2053,0.617,-1.9536,0.051172195485660765,0.003,0.003,0.42905567223020524,-1.8467,327,332,0.011864,True,depleted_CRC
k__Bacteria|p__Firmicutes|c__Clostridia|o__Clostridiales|f__Ruminococcaceae|g__Ruminococcus|s__Ruminococcus_lactaris,-1.8284,0.692,-2.6422,0.008436075170688057,0.003,0.003,0.4280977119487123,-2.5443,327,332,0.011864,True,depleted_CRC
k__Bacteria|p__Actinobacteria|c__Actinobacteria|o__Bifidobacteriales|f__Bifidobacteriaceae|g__Bifidobacterium|s__Bifidobacterium_longum,-0.8105,0.6038,-1.3422,0.18001478402374843,0.003,0.003,0.43940901219557127,-0.8766,327,332,0.011864,True,depleted_CRC
k__Bacteria|p__Firmicutes|c__Clostridia|o__Clostridiales|f__Lachnospiraceae|g__Blautia|s__Ruminococcus_obeum,-0.5576,0.221,-2.5231,0.011870070105488581,0.005,0.005,0.43884713164584943,-0.381,327,332,0.018913,True,depleted_CRC
k__Bacteria|p__Firmicutes|c__Bacilli|o__Lactobacillales|f__Streptococcaceae|g__Streptococcus|s__Streptococcus_australis,-1.9592,0.6364,-3.0786,0.0021676134944346027,0.007,0.007,0.4364430197855643,-1.8921,327,332,0.02436,True,depleted_CRC
k__Bacteria|p__Actinobacteria|c__Actinobacteria|o__Bifidobacteriales|f__Bifidobacteriaceae|g__Bifidobacterium|s__Bifidobacterium_adolescentis,-1.5568,0.7053,-2.2073,0.02764517687617612,0.007,0.007,0.4458476106259902,-1.8201,327,332,0.02436,True,depleted_CRC
k__Bacteria|p__Firmicutes|c__Clostridia|o__Clostridiales|f__Lachnospiraceae|g__Roseburia|s__Roseburia_hominis,-0.7219,0.5596,-1.2901,0.19748633186005266,0.009,0.009,0.4385431634796065,-0.395,327,332,0.030115,True,depleted_CRC
k__Bacteria|p__Firmicutes|c__Clostridia|o__Clostridiales|f__Eubacteriaceae|g__Eubacterium|s__Eubacterium_ramulus,-1.0301,0.6284,-1.6393,0.10164029212365888,0.011,0.011,0.443093474816698,-1.9165,327,332,0.035444,True,depleted_CRC
k__Bacteria|p__Bacteroidetes|c__Bacteroidia|o__Bacteroidales|f__Bacteroidaceae|g__Bacteroides|s__Bacteroides_caccae,1.4282,0.6596,2.1652,0.030735692239054806,0.017,0.017,0.5560867322501013,2.6671,327,332,0.052821,False,enriched_CRC
k__Bacteria|p__Firmicutes|c__Negativicutes|o__Selenomonadales|f__Veillonellaceae|g__Veillonella|s__Veillonella_unclassified,-1.3505,0.5405,-2.4986,0.012714963025287062,0.018,0.018,0.4466489812460852,-0.4286,327,332,0.054,False,depleted_CRC
k__Bacteria|p__Bacteroidetes|c__Bacteroidia|o__Bacteroidales|f__Bacteroidaceae|g__Bacteroides|s__Bacteroides_ovatus,-0.9434,0.4678,-2.0167,0.04413447294612697,0.02,0.02,0.4448804391879444,-0.4003,327,332,0.058,False,depleted_CRC
k__Bacteria|p__Firmicutes|c__Clostridia|o__Clostridiales|f__Eubacteriaceae|g__Eubacterium|s__Eubacterium_ventriosum,-1.0195,0.6461,-1.5779,0.11507738954228494,0.021,0.021,0.4467226704985077,-0.6684,327,332,0.058935,False,depleted_CRC
k__Bacteria|p__Firmicutes|c__Clostridia|o__Clostridiales|f__Ruminococcaceae|g__Subdoligranulum|s__Subdoligranulum_unclassified,-0.4053,0.1934,-2.0957,0.03649651962556062,0.023,0.023,0.4537784164179654,-0.0559,327,332,0.062531,False,depleted_CRC
k__Bacteria|p__Actinobacteria|c__Actinobacteria|o__Bifidobacteriales|f__Bifidobacteriaceae|g__Bifidobacterium|s__Bifidobacterium_pseudocatenulatum,-1.7759,0.6818,-2.6048,0.0094025721800636,0.028,0.028,0.45032423271065913,-0.5134,327,332,0.073818,False,depleted_CRC
k__Bacteria|p__Firmicutes|c__Clostridia|o__Clostridiales|f__Lachnospiraceae|g__Dorea|s__Dorea_formicigenerans,-0.6085,0.4965,-1.2255,0.2208365374632483,0.034,0.034,0.4564496518182823,-0.297,327,332,0.087,False,depleted_CRC
k__Bacteria|p__Firmicutes|c__Clostridia|o__Clostridiales|f__Lachnospiraceae|g__Roseburia|s__Roseburia_inulinivorans,-0.8014,0.5238,-1.5301,0.1264771206663144,0.04,0.04,0.455058767178807,-0.5883,327,332,0.099429,False,depleted_CRC
k__Bacteria|p__Firmicutes|c__Clostridia|o__Clostridiales|f__Lachnospiraceae|g__Lachnospiraceae_noname|s__Lachnospiraceae_bacterium_5_1_57FAA,2.1047,0.5802,3.6278,0.00030835567941841504,0.052,0.052,0.5442227626100733,3.6197,327,332,0.125667,False,enriched_CRC
k__Bacteria|p__Bacteroidetes|c__Bacteroidia|o__Bacteroidales|f__Bacteroidales_noname|g__Bacteroidales_noname|s__Bacteroidales_bacterium_ph8,-0.7402,0.6186,-1.1965,0.2319510969899555,0.054,0.054,0.45969197892487385,-2.0818,327,332,0.126973,False,depleted_CRC
k__Bacteria|p__Firmicutes|c__Clostridia|o__Clostridiales|f__Lachnospiraceae|g__Dorea|s__Dorea_longicatena,-0.3881,0.531,-0.731,0.46502693264032113,0.068,0.068,0.4576102575439372,-0.3308,327,332,0.155684,False,depleted_CRC
k__Bacteria|p__Firmicutes|c__Clostridia|o__Clostridiales|f__Lachnospiraceae|g__Lachnospiraceae_noname|s__Lachnospiraceae_bacterium_7_1_58FAA,1.1674,0.4292,2.7197,0.006708714162567692,0.077,0.077,0.5373051840389079,2.3068,327,332,0.171769,False,enriched_CRC
k__Bacteria|p__Firmicutes|c__Clostridia|o__Clostridiales|f__Ruminococcaceae|g__Ruminococcus|s__Ruminococcus_bromii,-0.655,0.5573,-1.1753,0.24029819389147028,0.081,0.081,0.460032791717328,-0.3868,327,332,0.176175,False,depleted_CRC
k__Bacteria|p__Proteobacteria|c__Deltaproteobacteria|o__Desulfovibrionales|f__Desulfovibrionaceae|g__Bilophila|s__Bilophila_unclassified,0.9772,0.5158,1.8946,0.05858413946688896,0.09,0.09,0.5441490733576507,2.2719,327,332,0.1885,False,enriched_CRC
k__Bacteria|p__Bacteroidetes|c__Bacteroidia|o__Bacteroidales|f__Rikenellaceae|g__Alistipes|s__Alistipes_onderdonkii,1.3152,0.5894,2.2314,0.025998424406549724,0.091,0.091,0.5386868575218305,1.02,327,332,0.1885,False,enriched_CRC
k__Bacteria|p__Bacteroidetes|c__Bacteroidia|o__Bacteroidales|f__Porphyromonadaceae|g__Parabacteroides|s__Parabacteroides_unclassified,1.7779,0.7741,2.2968,0.021948408407470813,0.105,0.105,0.536798570428503,2.341,327,332,0.212442,False,enriched_CRC
k__Bacteria|p__Firmicutes|c__Clostridia|o__Clostridiales|f__Lachnospiraceae|g__Blautia|s__Ruminococcus_gnavus,1.3905,0.6784,2.0497,0.040791029391594305,0.111,0.111,0.5346063151689326,1.2874,327,332,0.2146,False,enriched_CRC
k__Bacteria|p__Bacteroidetes|c__Bacteroidia|o__Bacteroidales|f__Prevotellaceae|g__Paraprevotella|s__Paraprevotella_unclassified,1.4726,0.6789,2.1691,0.030433913885638406,0.109,0.109,0.5325153826314433,2.0321,327,332,0.2146,False,enriched_CRC
k__Bacteria|p__Firmicutes|c__Clostridia|o__Clostridiales|f__Lachnospiraceae|g__Lachnospiraceae_noname|s__Lachnospiraceae_bacterium_1_1_57FAA,-0.9146,0.6985,-1.3095,0.1908417128028501,0.131,0.131,0.4658910872849195,-1.9247,327,332,0.247761,False,depleted_CRC
k__Bacteria|p__Firmicutes|c__Erysipelotrichia|o__Erysipelotrichales|f__Erysipelotrichaceae|g__Erysipelotrichaceae_noname|s__Erysipelotrichaceae_bacterium_6_1_45,1.0155,0.5908,1.7188,0.08613591453812189,0.14,0.14,0.5331970082163516,1.5501,327,332,0.259149,False,enriched_CRC
k__Bacteria|p__Firmicutes|c__Erysipelotrichia|o__Erysipelotrichales|f__Erysipelotrichaceae|g__Coprobacillus|s__Coprobacillus_unclassified,1.3368,0.7171,1.8642,0.06274233281101765,0.149,0.149,0.5316495339154784,2.209,327,332,0.270062,False,enriched_CRC
k__Bacteria|p__Firmicutes|c__Negativicutes|o__Selenomonadales|f__Veillonellaceae|g__Veillonella|s__Veillonella_parvula,-0.9623,0.6477,-1.4855,0.13788378831855938,0.165,0.165,0.4671530157326554,-1.3652,327,332,0.292959,False,depleted_CRC
k__Bacteria|p__Firmicutes|c__Clostridia|o__Clostridiales|f__Ruminococcaceae|g__Ruminococcus|s__Ruminococcus_callidus,-0.6877,0.6835,-1.006,0.31476832442418684,0.203,0.203,0.4704782432482222,-0.3428,327,332,0.349706,False,depleted_CRC
k__Bacteria|p__Verrucomicrobia|c__Verrucomicrobiae|o__Verrucomicrobiales|f__Verrucomicrobiaceae|g__Akkermansia|s__Akkermansia_muciniphila,1.3663,0.683,2.0006,0.045850983910336214,0.205,0.205,0.5297704579787038,2.2814,327,332,0.349706,False,enriched_CRC
k__Bacteria|p__Bacteroidetes|c__Bacteroidia|o__Bacteroidales|f__Porphyromonadaceae|g__Parabacteroides|s__Parabacteroides_distasonis,0.6221,0.5518,1.1274,0.2599838903877015,0.23,0.23,0.52835193986957,0.7081,327,332,0.377547,False,enriched_CRC
k__Bacteria|p__Bacteroidetes|c__Bacteroidia|o__Bacteroidales|f__Bacteroidaceae|g__Bacteroides|s__Bacteroides_eggerthii,0.8499,0.6918,1.2286,0.2196763099268323,0.23,0.23,0.5275413580929222,2.0208,327,332,0.377547,False,enriched_CRC
k__Bacteria|p__Firmicutes|c__Clostridia|o__Clostridiales|f__Clostridiaceae|g__Clostridium|s__Clostridium_scindens,1.3394,0.5238,2.5571,0.01077993709721468,0.271,0.271,0.5240871743856158,0.6008,327,332,0.436611,False,enriched_CRC
k__Bacteria|p__Actinobacteria|c__Actinobacteria|o__Coriobacteriales|f__Coriobacteriaceae|g__Collinsella|s__Collinsella_aerofaciens,-0.0164,0.6111,-0.0269,0.9785477564763603,0.285,0.285,0.4776997899856306,-0.0037,327,332,0.450818,False,depleted_CRC
k__Bacteria|p__Bacteroidetes|c__Bacteroidia|o__Bacteroidales|f__Bacteroidaceae|g__Bacteroides|s__Bacteroides_dorei,1.0113,0.5505,1.837,0.06666424724791467,0.294,0.294,0.5221896761357356,2.0006,327,332,0.45675,False,enriched_CRC
k__Bacteria|p__Actinobacteria|c__Actinobacteria|o__Actinomycetales|f__Actinomycetaceae|g__Actinomyces|s__Actinomyces_odontolyticus,-0.3454,0.599,-0.5767,0.5643288336497034,0.315,0.315,0.47711027596625033,-0.1248,327,332,0.480789,False,depleted_CRC
k__Bacteria|p__Firmicutes|c__Erysipelotrichia|o__Erysipelotrichales|f__Erysipelotrichaceae|g__Erysipelotrichaceae_noname|s__Eubacterium_biforme,0.8764,0.7047,1.2436,0.2140854935411667,0.341,0.341,0.5207987914962603,0.543,327,332,0.5115,False,enriched_CRC
k__Bacteria|p__Firmicutes|c__Erysipelotrichia|o__Erysipelotrichales|f__Erysipelotrichaceae|g__Holdemania|s__Holdemania_unclassified,-0.1486,0.5953,-0.2497,0.8029316822335206,0.375,0.375,0.4803710253859474,-0.059,327,332,0.552966,False,depleted_CRC
k__Bacteria|p__Firmicutes|c__Erysipelotrichia|o__Erysipelotrichales|f__Erysipelotrichaceae|g__Erysipelotrichaceae_noname|s__Erysipelotrichaceae_bacterium_21_3,0.8762,0.5971,1.4675,0.1427226606371286,0.385,0.385,0.5197671419623446,0.4472,327,332,0.55825,False,enriched_CRC
k__Bacteria|p__Firmicutes|c__Clostridia|o__Clostridiales|f__Lachnospiraceae|g__Blautia|s__Ruminococcus_torques,0.1159,0.2082,0.5567,0.5779188314097754,0.423,0.423,0.5166629822040456,0.6655,327,332,0.603295,False,enriched_CRC
k__Bacteria|p__Bacteroidetes|c__Bacteroidia|o__Bacteroidales|f__Bacteroidaceae|g__Bacteroides|s__Bacteroides_finegoldii,-0.2274,0.6718,-0.3384,0.7351353108963177,0.434,0.434,0.482102722817877,1.1296,327,332,0.609,False,depleted_CRC
k__Bacteria|p__Bacteroidetes|c__Bacteroidia|o__Bacteroidales|f__Rikenellaceae|g__Alistipes|s__Alistipes_finegoldii,0.8639,0.6002,1.4394,0.15052386280692887,0.463,0.463,0.5158616115839505,1.7239,327,332,0.639381,False,enriched_CRC
k__Bacteria|p__Firmicutes|c__Clostridia|o__Clostridiales|f__Lachnospiraceae|g__Coprococcus|s__Coprococcus_catus,0.08,0.626,0.1278,0.8983438212570143,0.569,0.569,0.4870767473563981,0.1215,327,332,0.773484,False,enriched_CRC
k__Bacteria|p__Firmicutes|c__Clostridia|o__Clostridiales|f__Clostridiaceae|g__Clostridium|s__Clostridium_leptum,0.3164,0.5254,0.6022,0.5472824499261509,0.639,0.639,0.5105744077226337,0.4694,327,332,0.855277,False,enriched_CRC
k__Bacteria|p__Bacteroidetes|c__Bacteroidia|o__Bacteroidales|f__Bacteroidaceae|g__Bacteroides|s__Bacteroides_stercoris,0.4585,0.6845,0.6698,0.5032435635504129,0.667,0.667,0.5102151726170738,0.3776,327,332,0.861174,False,enriched_CRC
k__Bacteria|p__Proteobacteria|c__Gammaproteobacteria|o__Enterobacteriales|f__Enterobacteriaceae|g__Escherichia|s__Escherichia_unclassified,0.3596,0.699,0.5144,0.6071300274242148,0.676,0.676,0.5093216904314506,0.5676,327,332,0.861174,False,enriched_CRC
k__Bacteria|p__Firmicutes|c__Clostridia|o__Clostridiales|f__Lachnospiraceae|g__Lachnospiraceae_noname|s__Lachnospiraceae_bacterium_3_1_46FAA,0.5409,0.5676,0.9531,0.3409055620425182,0.663,0.663,0.5103441288088133,0.5623,327,332,0.861174,False,enriched_CRC
k__Bacteria|p__Bacteroidetes|c__Bacteroidia|o__Bacteroidales|f__Bacteroidaceae|g__Bacteroides|s__Bacteroides_thetaiotaomicron,0.1835,0.5191,0.3535,0.7238595275436583,0.683,0.683,0.510003316016359,0.6941,327,332,0.861174,False,enriched_CRC
k__Bacteria|p__Firmicutes|c__Clostridia|o__Clostridiales|f__Lachnospiraceae|g__Roseburia|s__Roseburia_unclassified,0.4425,0.6677,0.6627,0.5077720481063324,0.715,0.715,0.4924468516266902,0.4478,327,332,0.888643,False,enriched_CRC
k__Bacteria|p__Bacteroidetes|c__Bacteroidia|o__Bacteroidales|f__Bacteroidaceae|g__Bacteroides|s__Bacteroides_uniformis,0.049,0.373,0.1314,0.8954994046174843,0.731,0.731,0.4928337202019085,0.3195,327,332,0.895732,False,enriched_CRC
k__Bacteria|p__Firmicutes|c__Erysipelotrichia|o__Erysipelotrichales|f__Erysipelotrichaceae|g__Holdemania|s__Holdemania_filiformis,0.4454,0.6,0.7424,0.4581332153993195,0.755,0.755,0.5071110128587746,0.2574,327,332,0.912292,False,enriched_CRC
k__Bacteria|p__Bacteroidetes|c__Bacteroidia|o__Bacteroidales|f__Porphyromonadaceae|g__Parabacteroides|s__Parabacteroides_merdae,0.3908,0.6533,0.5983,0.549866312822819,0.851,0.851,0.5046055782764084,1.6064,327,332,0.955926,False,enriched_CRC
k__Bacteria|p__Bacteroidetes|c__Bacteroidia|o__Bacteroidales|f__Bacteroidaceae|g__Bacteroides|s__Bacteroides_vulgatus,0.2038,0.4389,0.4644,0.6425174092601073,0.845,0.845,0.4955510113849896,1.913,327,332,0.955926,False,enriched_CRC
k__Bacteria|p__Actinobacteria|c__Actinobacteria|o__Coriobacteriales|f__Coriobacteriaceae|g__Eggerthella|s__Eggerthella_unclassified,0.3259,0.6159,0.5291,0.5969037703373625,0.869,0.869,0.49653660513614095,0.2699,327,332,0.955926,False,enriched_CRC
k__Bacteria|p__Bacteroidetes|c__Bacteroidia|o__Bacteroidales|f__Bacteroidaceae|g__Bacteroides|s__Bacteroides_massiliensis,0.0666,0.7235,0.0921,0.9266810886291742,0.828,0.828,0.5054253712096091,0.1602,327,332,0.955926,False,enriched_CRC
k__Bacteria|p__Bacteroidetes|c__Bacteroidia|o__Bacteroidales|f__Porphyromonadaceae|g__Barnesiella|s__Barnesiella_intestinihominis,0.4908,0.6427,0.7636,0.4453875233383978,0.886,0.886,0.4961405254043698,0.1967,327,332,0.955926,False,enriched_CRC
k__Bacteria|p__Bacteroidetes|c__Bacteroidia|o__Bacteroidales|f__Rikenellaceae|g__Alistipes|s__Alistipes_putredinis,0.2938,0.5591,0.5255,0.5993903728821617,0.89,0.89,0.4971261191555212,0.2785,327,332,0.955926,False,enriched_CRC
k__Bacteria|p__Firmicutes|c__Clostridia|o__Clostridiales|f__Eubacteriaceae|g__Eubacterium|s__Eubacterium_siraeum,0.7833,0.6292,1.245,0.21359385942467737,0.881,0.881,0.5039884307873697,0.5112,327,332,0.955926,False,enriched_CRC
k__Bacteria|p__Firmicutes|c__Clostridia|o__Clostridiales|f__Lachnospiraceae|g__Lachnospiraceae_noname|s__Lachnospiraceae_bacterium_2_1_58FAA,-0.0305,0.685,-0.0445,0.9644913162424967,0.841,0.841,0.49612210309126414,0.5142,327,332,0.955926,False,depleted_CRC
k__Bacteria|p__Firmicutes|c__Clostridia|o__Clostridiales|f__Oscillospiraceae|g__Oscillibacter|s__Oscillibacter_unclassified,0.0287,0.4115,0.0698,0.944340767725246,0.874,0.874,0.4973103422865775,0.4897,327,332,0.955926,False,enriched_CRC
k__Bacteria|p__Actinobacteria|c__Actinobacteria|o__Coriobacteriales|f__Coriobacteriaceae|g__Eggerthella|s__Eggerthella_lenta,0.3103,0.644,0.4818,0.6301071165095948,0.922,0.922,0.5020356655981726,0.2223,327,332,0.963214,False,enriched_CRC
k__Bacteria|p__Bacteroidetes|c__Bacteroidia|o__Bacteroidales|f__Bacteroidaceae|g__Bacteroides|s__Bacteroides_cellulosilyticus,0.0483,0.6652,0.0726,0.9421454305532403,0.93,0.93,0.5020909325374894,1.2742,327,332,0.963214,False,enriched_CRC
k__Bacteria|p__Bacteroidetes|c__Bacteroidia|o__Bacteroidales|f__Rikenellaceae|g__Alistipes|s__Alistipes_shahii,0.457,0.5752,0.7944,0.4272518861065093,0.909,0.909,0.49775247780111265,0.4775,327,332,0.963214,False,enriched_CRC
k__Bacteria|p__Firmicutes|c__Negativicutes|o__Selenomonadales|f__Veillonellaceae|g__Dialister|s__Dialister_invisus,0.4781,0.7515,0.6362,0.5248880306272237,0.972,0.972,0.49921705169301056,-0.2032,327,332,0.994871,False,enriched_CRC
k__Bacteria|p__Firmicutes|c__Clostridia|o__Clostridiales|f__Lachnospiraceae|g__Lachnospiraceae_noname|s__Lachnospiraceae_bacterium_1_4_56FAA,0.452,0.6634,0.6814,0.49586471473501303,0.985,0.985,0.5003868685752183,0.3629,327,332,0.996453,False,enriched_CRC
k__Bacteria|p__Bacteroidetes|c__Bacteroidia|o__Bacteroidales|f__Bacteroidaceae|g__Bacteroides|s__Bacteroides_xylanisolvens,0.1361,0.5478,0.2485,0.803863273102787,1.0,1.0,0.5,0.4755,327,332,1.0,False,enriched_CRC
